INSERT INTO Azienda (nome, indirizzo, descrizione, cap) VALUES
('Tech Innovations', '123 Via Roma', 'Azienda leader nel settore dell''innovazione tecnologica.', '00100'),
('Green Solutions', '456 Viale Libertà', 'Compagnia focalizzata su soluzioni sostenibili e ecologiche.', '00101'),
('Web & App Creations', '789 Via Milano', 'Sviluppo di applicazioni web e mobile innovative.', '00102'),
('Next Gen Robotics', '101 Via Napoli', 'Progettazione e produzione di robotica avanzata.', '00103'),
('InnovaTech', '1010 Via Innovativa', 'Impresa di alta tecnologia.', '00104'),
('BioHealth', '1020 Via Salute', 'Azienda biotecnologica.', '00105'),
('GreenTech', '1030 Via Verde', 'Tecnologie ambientali.', '00106'),
('AutoFuture', '1040 Via Automobili', 'Automobili autonome e futuristiche.', '00100'),
('SpaceXplore', '1050 Via Spazio', 'Esplorazione spaziale commerciale.', '00101'),
('DeepData', '1060 Via Dati', 'Big data e analisi.', '00102'),
('Robotix', '1070 Via Robotica', 'Robotica avanzata e AI.', '00103'),
('CyberSecure', '1080 Via Sicura', 'Sicurezza informatica.', '00104'),
('VirtualWorlds', '1090 Via Virtuale', 'Realtà virtuale e aumentata.', '00105'),
('OceanTech', '1100 Via Oceano', 'Tecnologie per l''esplorazione oceanica.', '00106'),
('GameChangers', '1110 Via Gioco', 'Sviluppo giochi digitali.', '00100'),
('CloudServices', '1120 Via Cloud', 'Servizi cloud per aziende.', '00101'),
('EnergySavers', '1130 Via Energia', 'Soluzioni per il risparmio energetico.', '00102'),
('SmartHomeTech', '1140 Via Casa', 'Tecnologie per la casa intelligente.', '00103'),
('FitnessTech', '1150 Via Fitness', 'Tecnologie per il fitness e il benessere.', '00104'),
('EcoFarms', '1160 Via Agricola', 'Agricoltura sostenibile e tecnologica.', '00105'),
('NanoTech', '1170 Via Nano', 'Nanotecnologie innovative.', '00106'),
('QuantumComputing', '1180 Via Quantum', 'Computazione quantistica.', '00100'),
('SkyHighAerospace', '1190 Via Aero', 'Aerospace engineering.', '00101'),
('CryptoBlock', '1200 Via Block', 'Tecnologia Blockchain e sicurezza.', '00102'),
('FutureCities', '1210 Via Città', 'Pianificazione e costruzione di città intelligenti.', '00103'),
('MediTech', '1220 Via Medica', 'Innovazioni mediche e sanitarie.', '00104'),
('AquaPurify', '1230 Via Acqua', 'Tecnologie di purificazione dell''acqua.', '00105'),
('WindPower', '1240 Via Vento', 'Energia eolica e soluzioni rinnovabili.', '00106'),
('DroneTech', '1250 Via Drone', 'Sviluppo di droni e applicazioni UAV.', '00100'),
('AI Insights', '1260 Via AI', 'Intelligenza artificiale e apprendimento automatico.', '00101'),
('VirtualFinance', '1270 Via Finanza', 'Finanza digitale e consulenza.', '00102'),
('BiometricSec', '1280 Via Biometrica', 'Sicurezza biometrica.', '00103'),
('SolarSolutions', '1290 Via Solare', 'Tecnologie solari.', '00104'),
('ClimateControl', '1300 Via Clima', 'Sistemi di controllo del clima.', '00105'),
('AgriTech', '1310 Via Agritech', 'Tecnologia per l''agricoltura.', '00106');


INSERT INTO Studente (nome, cognome, email, classe, password, cap) VALUES
('Flint', 'Stone', 'flint.stone3a@email.it', '3A', 'stone001', '00100'),
('Basil', 'Oregano', 'basil.oregano3a@email.it', '3A', 'herb002', '00101'),
('Cherry', 'Blossom', 'cherry.blossom3a@email.it', '3A', 'bloom003', '00102'),
('Sky', 'Walker', 'sky.walker3a@email.it', '3A', 'galaxy004', '00103'),
('River', 'Banks', 'river.banks3a@email.it', '3A', 'flow005', '00104'),
('Summer', 'Rain', 'summer.rain3a@email.it', '3A', 'weather006', '00105'),
('Coco', 'Bean', 'coco.bean3a@email.it', '3A', 'coffee007', '00106'),
('Pepper', 'Mint', 'pepper.mint3a@email.it', '3A', 'fresh008', '00100'),
('Maple', 'Leaf', 'maple.leaf3a@email.it', '3A', 'canada009', '00101'),
('Goldie', 'Fish', 'goldie.fish3a@email.it', '3A', 'pond010', '00102'),
('Crystal', 'Clear', 'crystal.clear3b@email.it', '3B', 'shine011', '00103'),
('Rocky', 'Road', 'rocky.road3b@email.it', '3B', 'dessert012', '00104'),
('Ivy', 'League', 'ivy.league3b@email.it', '3B', 'edu013', '00105'),
('Brook', 'Trout', 'brook.trout3b@email.it', '3B', 'fish014', '00106'),
('Rose', 'Thorn', 'rose.thorn3b@email.it', '3B', 'garden015', '00100'),
('Misty', 'Fog', 'misty.fog3b@email.it', '3B', 'weather016', '00101'),
('Cliff', 'Rock', 'cliff.rock3b@email.it', '3B', 'mountain017', '00102'),
('Forrest', 'Green', 'forrest.green3b@email.it', '3B', 'nature018', '00103'),
('Sandy', 'Beach', 'sandy.beach3b@email.it', '3B', 'sand019', '00104'),
('Dusty', 'Trail', 'dusty.trail3b@email.it', '3B', 'hike020', '00105'),
('Barry', 'Cade', 'barry.cade4a@email.it', '4A', 'block021', '00106'),
('Holly', 'Day', 'holly.day4a@email.it', '4A', 'vacay022', '00100'),
('Penny', 'Pincher', 'penny.pincher4a@email.it', '4A', 'save023', '00101'),
('Robin', 'Banks', 'robin.banks4a@email.it', '4A', 'theft024', '00102'),
('Sandy', 'Banks', 'sandy.banks4a@email.it', '4A', 'shore025', '00103'),
('Rocky', 'Road', 'rocky.road4a@email.it', '4A', 'treat026', '00104'),
('Marsha', 'Mellow', 'marsha.mellow4a@email.it', '4A', 'soft027', '00105'),
('Terry', 'Aki', 'terry.aki4a@email.it', '4A', 'sauce028', '00106'),
('Candy', 'Kane', 'candy.kane4a@email.it', '4A', 'sweet029', '00100'),
('Eartha', 'Quake', 'eartha.quake4a@email.it', '4A', 'shake030', '00101'),
('Justin', 'Time', 'justin.time4b@email.it', '4B', 'punctual031', '00102'),
('Paige', 'Turner', 'paige.turner4b@email.it', '4B', 'read032', '00103'),
('Russell', 'Leaf', 'russell.leaf4b@email.it', '4B', 'fall033', '00104'),
('Wanda', 'Round', 'wanda.round4b@email.it', '4B', 'travel034', '00105'),
('Sal', 'Monella', 'sal.monella4b@email.it', '4B', 'unsafe035', '00106'),
('Perry', 'Scope', 'perry.scope4b@email.it', '4B', 'watch036', '00100'),
('Mark', 'Mywords', 'mark.mywords4b@email.it', '4B', 'notice037', '00101'),
('Leif', 'Ahead', 'leif.ahead4b@email.it', '4B', 'plan038', '00102'),
('Maya', 'Didas', 'maya.didas4b@email.it', '4B', 'achieve039', '00103'),
('Pete', 'Sake', 'pete.sake4b@email.it', '4B', 'for040', '00104'),
('Minnie', 'Van Driver', 'minnie.vandriver4c@email.it', '4C', 'drive041', '00105'),
('Olive', 'Yew', 'olive.yew4c@email.it', '4C', 'peace042', '00106'),
('Aida', 'Bugg', 'aida.bugg4c@email.it', '4C', 'spy043', '00100'),
('Colin', 'Allcars', 'colin.allcars4c@email.it', '4C', 'traffic044', '00101'),
('Sue', 'Flay', 'sue.flay4c@email.it', '4C', 'chef045', '00102'),
('Carson', 'Ogenic', 'carson.ogenic4c@email.it', '4C', 'auto046', '00103'),
('Ella', 'Vator', 'ella.vator4c@email.it', '4C', 'lift047', '00104'),
('Gail', 'Forcewind', 'gail.forcewind4c@email.it', '4C', 'storm048', '00105'),
('Paige', 'Book', 'paige.book4c@email.it', '4C', 'read049', '00106'),
('Howie', 'Duin', 'howie.duin4c@email.it', '4C', 'well050', '00100'),
('Ray', 'Dio', 'ray.dio4d@email.it', '4D', 'waves051', '00101'),
('Al', 'Beback', 'al.beback4d@email.it', '4D', 'terminator052', '00102'),
('Dinah', 'Mite', 'dinah.mite4d@email.it', '4D', 'explosive053', '00103'),
('Anna', 'Lytics', 'anna.lytics4d@email.it', '4D', 'data054', '00104'),
('Cal', 'Culator', 'cal.culator4d@email.it', '4D', 'math055', '00105'),
('Perry', 'Dox', 'perry.dox4d@email.it', '4D', 'contradict056', '00106'),
('Moe', 'Mentum', 'moe.mentum4d@email.it', '4D', 'physics057', '00100'),
('Bill', 'Board', 'bill.board4d@email.it', '4D', 'advert058', '00101'),
('Jean', 'Pool', 'jean.pool4d@email.it', '4D', 'genetics059', '00102'),
('Lee', 'Key', 'lee.key4d@email.it', '4D', 'plumber060', '00103'),
('Helen', 'Highwater', 'helen.highwater5a@email.it', '5A', 'flood061', '00104'),
('Jim', 'Nasium', 'jim.nasium5a@email.it', '5A', 'sports062', '00105'),
('Joe', 'King', 'joe.king5a@email.it', '5A', 'joke063', '00106'),
('Cara', 'Van', 'cara.van5a@email.it', '5A', 'travel064', '00100'),
('Mel', 'Tdown', 'mel.tdown5a@email.it', '5A', 'stress065', '00101'),
('Sal', 'Amander', 'sal.amander5a@email.it', '5A', 'fire066', '00102'),
('Phil', 'Anthropy', 'phil.anthropy5a@email.it', '5A', 'charity067', '00103'),
('Rhoda', 'Horse', 'rhoda.horse5a@email.it', '5A', 'riding068', '00104'),
('Mona', 'Lott', 'mona.lott5a@email.it', '5A', 'complain069', '00105'),
('Sonny', 'Day', 'sonny.day5a@email.it', '5A', 'bright070', '00106');


INSERT INTO Amministratore (nome, cognome, email, classe, password) VALUES
('Roberto', 'Gialli', 'roberto.gialli@admin.it', 'Amministrazione', 'erc5'),
('Sonia', 'Grigi', 'sonia.grigi@admin.it', 'Direzione', 'erc6'),
('Luigi', 'Bianco', 'luigi.bianco@admin.it', 'Gestione', 'erc7'),
('Anna', 'Rosa', 'anna.rosa@admin.it', 'Supporto', 'erc8'),
('Chiara', 'Fontana', 'chiara.fontana@admin.it', 'Tecnico', 'password9'),
('Dario', 'Ricci', 'dario.ricci@admin.it', 'Marketing', 'password10'),
('Emanuela', 'Sartori', 'emanuela.sartori@admin.it', 'Personale', 'password11'),
('Flavio', 'Costa', 'flavio.costa@admin.it', 'Legale', 'password12'),
('Giorgia', 'Amato', 'giorgia.amato@admin.it', 'Finanza', 'password13'),
('Hector', 'Barbieri', 'hector.barbieri@admin.it', 'Acquisti', 'password14'),
('Irene', 'Conti', 'irene.conti@admin.it', 'Vendite', 'password15'),
('Luigi', 'DAngelo', 'luigi.dangelo@admin.it', 'Risorse Umane', 'password16'),
('Matteo', 'Ferrara', 'matteo.ferrara@admin.it', 'Progetto', 'password17'),
('Nadia', 'Gallo', 'nadia.gallo@admin.it', 'Produzione', 'password18'),
('Oscar', 'Marchetti', 'oscar.marchetti@admin.it', 'Servizio Clienti', 'password19'),
('Paola', 'Giordano', 'paola.giordano@admin.it', 'IT', 'password20'),
('Quinto', 'Riva', 'quinto.riva@admin.it', 'Controllo', 'password21'),
('Rita', 'Parisi', 'rita.parisi@admin.it', 'Esportazione', 'password22');


INSERT INTO Tutor (nome, cognome, numTel, email, idAzienda) VALUES
('Giulia', 'Verdi', '1234567890', 'giulia.verdi@techinnovations.it', 1),
('Francesca', 'Neri', '0987654321', 'francesca.neri@greensolutions.it', 2),
('Marco', 'Blu', '2345678901', 'marco.blu@webappcreations.it', 3),
('Elena', 'Gialli', '3456789012', 'elena.gialli@nextgenrobotics.it', 4),
('Laura', 'Bianchi', '1002003001', 'laura.bianchi@innovatech.it', 5),
('Marco', 'Rossi', '1002003002', 'marco.rossi@biohealth.it', 6),
('Sonia', 'Verdi', '1002003003', 'sonia.verdi@greentech.it', 7),
('Tommaso', 'Neri', '1002003004', 'tommaso.neri@autofuture.it', 8),
('Umberto', 'Gialli', '1002003005', 'umberto.gialli@spacexplore.it', 9),
('Valeria', 'Marrone', '1002003006', 'valeria.marrone@deepdata.it', 10),
('William', 'Blu', '1002003007', 'william.blu@robotix.it', 11),
('Xavier', 'Arancio', '1002003008', 'xavier.arancio@cybersecure.it', 12),
('Ylenia', 'Rosa', '1002003009', 'ylenia.rosa@virtualworlds.it', 13),
('Zeno', 'Viola', '1002003010', 'zeno.viola@oceantech.it', 14),
('Alberto', 'Grigio', '1002003011', 'alberto.grigio@gamechangers.it', 15),
('Barbara', 'Ocra', '1002003012', 'barbara.ocra@cloudservices.it', 16),
('Cesare', 'Celeste', '1002003013', 'cesare.celeste@energysavers.it', 17),
('Diana', 'Scarlatto', '1002003014', 'diana.scarlatto@smarthometech.it', 18),
('Ettore', 'Fucsia', '1002003015', 'ettore.fucsia@fitnesstech.it', 19);


INSERT INTO Recensione (voto, commento, idStudente, idAzienda) VALUES
(5, 'Ottima esperienza di tirocinio.', 1, 1),
(4, 'Esperienza formativa e costruttiva.', 2, 2),
(5, 'Imparato molto su nuove tecnologie.', 3, 3),
(3, 'Buono ma richiede più pratica sul campo.', 4, 4),
(4, 'Molto interessante.', 5, 1),
(5, 'Esperienza eccezionale.', 6, 2),
(3, 'Potrebbe migliorare.', 7, 3),
(5, 'Semplicemente fantastico!', 8, 4),
(2, 'Non all altezza delle aspettative.', 9, 5),
(4, 'Ottimo ambiente di lavoro.', 10, 6),
(5, 'Formazione di alto livello.', 11, 7),
(3, 'Buono, ma con alcune riserve.', 12, 8),
(4, 'Team molto supportivo.', 13, 9),
(5, 'Tecnologia all avanguardia.', 14, 10),
(3, 'Interessante ma stressante.', 15, 11),
(4, 'Ambiente stimolante.', 5, 12),
(5, 'Apprendimento costante.', 6, 13),
(4, 'Ottima organizzazione.', 7, 14),
(2, 'Mancanza di supporto adeguato.', 8, 15);


INSERT INTO DiarioDiBordo (giorno, entrataMattina, uscitaMattina, entrataPome, uscitaPome, descrizione, idStudente) VALUES
('2024-03-29', '08:30', '12:30', '14:00', '18:00', 'Lavoro su progetto di gruppo', 1),
('2024-03-30', '09:00', '13:00', '15:00', '17:00', 'Ricerca per lo sviluppo di un''app', 2),
('2024-03-31', '08:00', '12:00', '14:00', '16:00', 'Studio di casi di studio di marketing', 3),
('2024-04-01', '08:45', '12:45', '13:30', '17:30', 'Disegno di nuovi prototipi di robot', 4),
('2024-04-02', '08:30', '12:30', '14:00', '18:00', 'Analisi di mercato', 9),
('2024-04-03', '09:00', '13:00', '15:00', '17:00', 'Programmazione software', 10),
('2024-04-04', '08:00', '12:00', '13:30', '17:30', 'Design UI/UX', 11),
('2024-04-05', '08:45', '12:45', '14:00', '18:00', 'Test funzionalità', 12),
('2024-04-06', '09:15', '13:15', '15:00', '19:00', 'Riunione di progetto', 13),
('2024-04-07', '08:30', '12:30', '14:00', '18:00', 'Supporto tecnico', 14),
('2024-04-08', '09:00', '13:00', '15:00', '17:00', 'Sviluppo di algoritmi', 15),
('2024-04-09', '08:00', '12:00', '14:00', '16:00', 'Creazione contenuti', 9),
('2024-04-10', '08:45', '12:45', '13:30', '17:30', 'Ottimizzazione SEO', 10),
('2024-04-11', '09:00', '13:00', '15:00', '19:00', 'Consulenza clienti', 11),
('2024-04-12', '08:30', '12:30', '14:00', '18:00', 'Gestione social media', 12),
('2024-04-13', '09:15', '13:15', '14:00', '16:00', 'Testing di sistema', 13),
('2024-04-14', '08:00', '12:00', '13:30', '17:30', 'Valutazione rischi', 14),
('2024-04-15', '08:45', '12:45', '15:00', '19:00', 'Analisi finanziaria', 15),
('2024-04-16', '09:00', '13:00', '15:00', '17:00', 'Workshop creativo', 9);


INSERT INTO Preferiti (idStudente, idAzienda) VALUES
(1, 1), (1, 2), (1, 3),
(2, 1), (2, 2), (2, 3),
(3, 1), (3, 2), (3, 3),
(4, 1), (4, 2), (4, 3),
(5, 1), (5, 2), (5, 3),
(6, 16), (6, 17), (6, 18),
(7, 19), (7, 1), (7, 2),
(8, 3), (8, 4), (8, 5),
(9, 6), (9, 7), (9, 8),
(10, 9), (10, 10), (10, 11),
(11, 12), (11, 13), (11, 14),
(12, 15), (12, 16), (12, 17),
(13, 18), (13, 19), (13, 1),
(14, 2), (14, 3), (14, 4),
(15, 5), (15, 6), (15, 7),
(16, 8), (16, 9), (16, 10),
(17, 11), (17, 12), (17, 13),
(18, 14), (18, 15), (18, 16),
(19, 17), (19, 18), (19, 19);

INSERT INTO Assegnazione (idStudente, idAzienda) VALUES
(1, 1), (2, 2), (3, 3), (4, 4), (5, 5), 
(6, 6), (7, 7), (8, 8), (9, 9), (10, 10), 
(11, 11), (12, 12), (13, 13), (14, 14), (15, 15),
(16, 16), (17, 17), (18, 18), (19, 19);
